# Multi word foreign expressions with Portuguese ones
# © 2016 Tiago F. Santos
#
# Licensed under LGPL
#
# http://www.portaldalinguaportuguesa.org/index.php?action=loanwords&act=list
# http://www.ipv.pt/anglicismos/angl_a.htm to http://www.ipv.pt/anglicismos/angl_vz.htm
#
curriculum vitae=currículo
Curriculum vitae=Currículo
abat-jour=quebra-luz
Abat-jour=Quebra-luz
abat-jours=quebra-luzes
Abat-jours=Quebra-luzes
acordéon=acordeão
Acordéon=Acordeão
acordéons=acordeões
Acordéons=Acordeões
affair=caso amoroso
Affair=Caso amoroso
affairs=casos amorosos
Affairs=Casos amorosos
afrikaans=africânder
Afrikaans=Africânder
aftershave=loção de barbear
Aftershave=Loção de barbear
aftershaves=loções de barbear
Aftershaves=Loções de barbear
agrément=acordo
Agrément=Acordo
agréments=acordos
Agréments=Acordos
agreement=acordo
Agreement=Acordo
agreements=acordos
Agreements=Acordos
AI=IA
AIs=IAs
aide-mémoire=auxiliar de memória
Aide-mémoire=Auxiliar de memória
aide-mémoires=auxiliares de memória
Aide-mémoires=Auxiliares de memória
AIDS=SIDA
aikido=aiquidô
Aikido=Aiquidô
aikidos=aiquidôs
Aikidos=Aiquidôs
aileron=estabilizador
Aileron=Estabilizador
ailerons=estabilizadores
Ailerons=Estabilizadores
airbag=almofada de ar
Airbag=Almofada de ar
airbags=almofadas de ar
Airbags=Almofadas de ar
alien=extraterrestre
Alien=extraterrestre
aliens=extraterrestres
Aliens=extraterrestres
anorak=anoraque
Anorak=Anoraque
anoraks=anoraques
Anoraks=Anoraques
anschluss=anexação
Anschluss=Anexação
anschlusses=anexações
Anschlusses=Anexações
antidoping=antidopagem
Antidoping=Antidopagem
antidopings=antidopagens
Antidopings=Antidopagens
App=aplicação
app=aplicação
Apps=aplicações
apps=aplicações
appoggiatura=apogiatura
Appoggiatura=Apogiatura
appoggiaturas=apogiaturas
Appoggiaturas=Apogiaturas
apport=contribuição
Apport=Contribuição
apports=contribuições
Apports=Contribuições
aquaplaning=aquaplanagem
Aquaplaning=Aquaplanagem
aquaplanings=aquaplanagens
Aquaplanings=Aquaplanagens
arrière-pensée=segundas intenções
Arrière-pensée=Segundas intenções
arrière-pensées=segundas intenções
Arrière-pensées=Segundas intenções
assemblage=montagem
Assemblage=Montagem
assemblages=montagens
Assemblages=Montagens
assembler=montar
Assembler=Montar
assemblers=montares
Assemblers=Montares
atelier=oficina
Atelier=Oficina
ateliers=oficinas
Ateliers=Oficinas
attaché=adido
Attaché=Adido
attachés=adidos
Attachés=Adidos
avant-garde=vanguarda
Avant-garde=Vanguarda
avant-gardes=vanguardas
Avant-gardes=Vanguardas
avant-garde=vanguardista
Avant-garde=Vanguardista
avant-gardes=vanguardistas
Avant-gardes=Vanguardistas
avant-première=antestreia
Avant-première=Antestreia
avant-premières=antestreias
Avant-premières=Antestreias
avant-scène=proscénio
Avant-scène=Proscénio
avant-scènes=proscénios
Avant-scènes=Proscénios
ayatollah=líder religioso islâmico
Ayatollah=Líder religioso islâmico
ayatollahs=líderes religiosos islâmicos
Ayatollahs=Líderes religiosos islâmicos
baby=bebé
Baby=Bebé
babies=bebés
Babies=Bebés
baby-sitter=ama
Baby-sitter=Ama
baby-sitters=amas
Baby-sitters=Amas
back-up=cópia de segurança
Back-up=Cópia de segurança
back-ups=cópias de segurança
Back-ups=Cópias de segurança
background=formação de base
Background=Formação de base
backgrounds=formações de base
Backgrounds=Formações de base
backstage=bastidores
Backstage=Bastidores
backstages=bastidores
Backstages=Bastidores
bacon=toucinho fumado
Bacon=Toucinho fumado
bacons=toucinhos fumados
Bacons=Toucinhos fumados
badge=distintivo
Badge=Distintivo
badges=distintivos
Badges=Distintivos
badminton=badmínton
Badminton=Badmínton
badmintons=badmíntons
Badmintons=Badmíntons
ballet=balé
Ballet=Balé
ballets=balés
Ballets=Balés
ballotage=segunda volta
Ballotage=Segunda volta
ballotages=segundas voltas
Ballotages=Segundas voltas
bandage=ligadura|faixa|venda
Bandage=Ligadura|Faixa|Venda
bandages=ligadura|faixa|vendas
Bandages=Ligadura|Faixa|Vendas
barbecue=churrasco
Barbecue=Churrasco
barbecues=churrascos
Barbecues=Churrascos
barman=empregado de bar
Barman=Empregado de bar
barmans=empregados de bar
Barmans=Empregados de bar
barwoman=empregada de bar
barwomans=empregadas de bar
baseball=beisebol
Baseball=Beisebol
bâton=batom
Bâton=Batom
bâtons=batons
Bâtons=Batons
beat=batida
Beat=Batida
beats=batidas
Beats=Batidas
beeper=bipe
Beeper=Bipe
beepers=bipes
Beepers=Bipes
béguin=atração
Béguin=Atração
béguins=atrações
Béguins=Atrações
benchmarking=aferição
Benchmarking=Aferição
benchmarkings=aferições
Benchmarkings=Aferições
berceuse=canção de embalar|embalo
Berceuse=Canção de embalar|Embalo
berceuses=canções de embalar|embalos
Berceuses=Canções de embalar|Embalos
best-seller=êxito de vendas
Best-seller=Êxito de vendas
best-sellers=êxitos de vendas
Best-sellers=Êxitos de vendas
bibelot=bibelô
Bibelot=Bibelô
bibelots=bibelôs
Bibelots=Bibelôs
biberon=biberão
Biberon=Biberão
biberons=biberões
Biberons=Biberões
bidon=botija
Bidon=Botija
bidons=botijas
Bidons=Botijas
bidonville=bairro de lata
Bidonville=Bairro de lata
bidonvilles=bairros de lata
Bidonvilles=Bairros de lata
bigoudi=rolo para o cabelo
Bigoudi=Rolo para o cabelo
bigoudis=rolos para o cabelos
Bigoudis=Rolos para o cabelos
bijou=biju
Bijou=Biju
bijous=bijus
Bijous=Bijus
bikini=biquíni
Bikini=Biquíni
bikinis=biquínis
Bikinis=Biquínis
blackout=corte de energia
Blackout=Corte de energia
blackouts=cortes de energia
Blackouts=Cortes de energia
blasé=enfastiado
Blasé=Enfastiado
blasés=enfastiados
Blasés=Enfastiados
blazer=casaco|jaquetão
Blazer=Casaco|Jaquetão
blazers=casaco|jaquetões
Blazers=Casaco|Jaquetões
blitzkrieg=guerra relâmpago
Blitzkrieg=Guerra relâmpago
blitzkriegs=guerras relâmpago
Blitzkriegs=Guerras relâmpago
blockbuster=êxito de bilheteira
Blockbuster=Êxito de bilheteira
blockbusters=êxitos de bilheteira
Blockbusters=Êxitos de bilheteira
blue-jeans=calças de ganga
Blue-jeans=Calças de ganga
bluff=simulação
Bluff=Simulação
bluffs=simulações
Bluffs=Simulações
blush=colorete
Blush=Colorete
blushs=coloretes
Blushs=Coloretes
# bob=trenó
# bobs=trenós
# bobsleigh=trenó
# bobsleighs=trenós
body=bódi
Body=Bódi
bodies=bódis
Bodies=Bódis
body-building=culturismo
Body-building=Culturismo
body-buildings=culturismos
Body-buildings=Culturismos
boîte=discoteca
Boîte=Discoteca
boîtes=discotecas
Boîtes=Discotecas
bookmark=marcador
Bookmark=Marcador
bookmarks=marcadores
Bookmarks=Marcadores
boom=expansão|crescimento súbito
Boom=Expansão|Crescimento súbito
booms=expansão|crescimentos súbitos
Booms=Expansão|Crescimentos súbitos
boomerang=bumerangue
Boomerang=Bumerangue
boomerangs=bumerangues
Boomerangs=Bumerangues
bordeaux=cor de vinho
Bordeaux=Cor de vinho
boss=chefe
Boss=Chefe
bosses=chefes
Bosses=Chefes
bottom-up=ascendente
Bottom-up=ascendentes
bottom-up aproach=abordagem ascendente
bottom-up aproaches=abordagens ascendentes
bottom-up method=método ascendente
bottom-up methods=métodos ascendentes
bougainvillia=buganvília
Bougainvillia=Buganvília
bougainvillias=buganvílias
Bougainvillias=Buganvílias
boulevard=alameda
Boulevard=Alameda
boulevards=alamedas
Boulevards=Alamedas
bouquet=ramo de flores
Bouquet=Ramo de flores
bouquets=ramos de flores
Bouquets=Ramos de flores
boutique=butique
Boutique=Butique
boutiques=butiques
Boutiques=Butiques
boutonnière=botoeira
Boutonnière=Botoeira
boutonnières=botoeiras
Boutonnières=Botoeiras
bowling=bólingue
Bowling=Bólingue
bowlings=bólingues
Bowlings=Bólingues
box=boxe
Box=Boxe
box-office=bilheteira
Box-office=Bilheteira
box-offices=bilheteiras
Box-offices=Bilheteiras
boxeur=pugilista
Boxeur=Pugilista
boxeurs=pugilistas
Boxeurs=Pugilistas
boy=paquete
Boy=Paquete
boys=paquetes
Boys=Paquetes
boyfriend=namorado
Boyfriend=Namorado
boyfriends=namorados
Boyfriends=Namorados
boysband=banda masculina
Boysband=Banda masculina
boysbands=bandas masculinas
Boysbands=Bandas masculinas
braille=braile
Braille=Braile
brailles=brailes
Brailles=Brailes
brandy=brande
Brandy=Brande
brandies=brandes
Brandies=Brandes
break=breque
Break=Breque
breaks=breques
Breaks=Breques
brevet=brevete
Brevet=Brevete
brevets=brevetes
Brevets=Brevetes
bric-à-brac=bricabraque
Bric-à-brac=Bricabraque
bric-à-bracs=bricabraques
Bric-à-bracs=Bricabraques
bricolage=trabalhos manuais
Bricolage=Trabalhos manuais
bricolages=trabalhos manuais
Bricolages=Trabalhos manuais
bridge=brídege
Bridge=Brídege
bridges=brídeges
Bridges=Brídeges
briefing=reunião informativa|documento informativo
Briefing=Reunião informativa|Documento informativo
briefings=reuniões informativas|documentos informativos
Briefings=Reuniões informativas|Documentos informativos
broker=corretor
Broker=Corretor
brokers=corretores
Brokers=Corretores
browser=navegador
Browser=Navegador
browsers=navegadores
Browsers=Navegadores
budget=orçamento
Budget=Orçamento
budgets=orçamentos
Budgets=Orçamentos
buena-dicha=sina
Buena-dicha=Sina
buena-dichas=sinas
Buena-dichas=Sinas
buffer=memória temporária
Buffer=Memória temporária
buffers=memórias temporárias
Buffers=Memórias temporárias
buffet=bufete
Buffet=Bufete
buffets=bufetes
Buffets=Bufetes
bug=falha|erro
Bug=Falha|Erro
bugs=falhas|erros
Bugs=Falhas|Erros
bulldog=buldogue
Bulldog=Buldogue
bulldogs=buldogues
Bulldogs=Buldogues
bulldozer=buldózer
Bulldozer=Buldózer
bulldozers=buldózeres
Bulldozers=Buldózeres
bungalow=bangaló
Bungalow=Bangaló
bungalows=bangalós
Bungalows=Bangalós
bunker=abrigo subterrâneo
Bunker=Abrigo subterrâneo
bunkers=abrigos subterrâneos
Bunkers=Abrigos subterrâneos
bureau=gabinete
Bureau=Gabinete
bureaus=gabinetes
Bureaus=Gabinetes
bus=faixa-bus
Bus=Faixa-bus
buss=faixa-bus
Buss=Faixa-bus
business=negócio
Business=Negócio
businesses=negócios
Businesses=Negócios
business development=desenvolvimento comercial
Business development=Desenvolvimento comercial
business shoool=escola de negócios
Business shoool=Escola de negócios
business schools=escolas de negócios
Business schools=Escolas de negócios
businessman=homem de negócios
Businessman=Homem de negócios
businessmen=homens de negócios
Businessmen=Homens de negócios
bye-bye=adeus
Bye-bye=Adeus
bye-byes=adeus
Bye-byes=Adeus
bypass=derivação|desvio
Bypass=Derivação|Desvio
bypasses=derivações|desvios
Bypasses=Derivações|Desvios
cabaret=cabaré
Cabaret=Cabaré
cabarets=cabarés
Cabarets=Cabarés
cabriolet=descapotável
Cabriolet=Descapotável
cabriolets=descapotáveis
Cabriolets=Descapotáveis
cache=memória transitória
Cache=Memória transitória
caches=memórias transitórias
Caches=Memórias transitórias
cache-pot=cachepô
Cache-pot=Cachepô
cache-pots=cachepôs
Cache-pots=Cachepôs
cachet=remuneração
Cachet=Remuneração
cachets=remunerações
Cachets=Remunerações
caddie=auxiliar
Caddie=Auxiliar
caddies=auxiliares
Caddies=Auxiliares
caddy=auxiliar
Caddy=Auxiliar
caddies=auxiliares
Caddies=Auxiliares
calèche=caleça
Calèche=Caleça
calèches=caleças
Calèches=Caleças
camelot=vendedor ambulante
Camelot=Vendedor ambulante
camelots=vendedores ambulantes
Camelots=Vendedores ambulantes
camembert=camember
Camembert=Camember
camemberts=camemberes
Camemberts=Camemberes
cameraman=operador de câmara
Cameraman=Operador de câmara
cameramans=operadores de câmara
Cameramans=Operadores de câmara
camping=parque de campismo
Camping=Parque de campismo
campings=parques de campismo
Campings=Parques de campismo
cannabis=canábis|cânhamo
Cannabis=Canábis|Cânhamo
cannellone=canelone
Cannellone=Canelone
cannellones=canelones
Cannellones=Canelones
caoutchouc=cauchu
Caoutchouc=Cauchu
caoutchoucs=cauchus
Caoutchoucs=Cauchus
capeline=capelina
Capeline=Capelina
capelines=capelinas
Capelines=Capelinas
capita=cabeça
Capita=Cabeça
capot=capô
Capot=Capô
capots=capôs
Capots=Capôs
cappuccino=capuchino
Cappuccino=Capuchino
cappuccinos=capuchinos
Cappuccinos=Capuchinos
cardigan=cardigã
Cardigan=Cardigã
cardigans=cardigãs
Cardigans=Cardigãs
carnet=carné
Carnet=Carné
carnets=carnés
Carnets=Carnés
cartoon=desenho humorístico|tira humorística
Cartoon=Desenho humorístico|Tira humorística
cartoons=desenhos humorísticos|tiras humorísticas
Cartoons=Desenhos humorísticos|Tiras humorísticas
case study=caso de estudo
Case study=Caso de estudo
case studies=casos de estudo
Case studies=Casos de estudo
case-study=caso de estudo
Case-study=Caso de estudo
case-studies=casos de estudo
Case-studies=Casos de estudo
cash=a dinheiro
Cash=A dinheiro
cash-flow=fluxo de caixa
Cash-flow=Fluxo de caixa
cash-flows=fluxos de caixa
Cash-flows=Fluxos de caixa
cast=elenco
Cast=Elenco
casts=elencos
Casts=Elencos
casting=audição
Casting=Audição
castings=audições
Castings=Audições
catamaran=catamarã
Catamaran=Catamarã
catamarans=catamarãs
Catamarans=Catamarãs
caterpillar=caterpílar
Caterpillar=Caterpílar
caterpillars=caterpílares
Caterpillars=Caterpílares
caudillo=caudilho
Caudillo=Caudilho
caudillos=caudilhos
Caudillos=Caudilhos
CEO=diretor executivo
CEOs=diretores executivos
chairman=presidente
Chairman=Presidente
chairmans=presidentes
Chairmans=Presidentes
champagne=champanhe
Champagne=Champanhe
champagnes=champanhes
Champagnes=Champanhes
champignon=cogumelo
Champignon=Cogumelo
champignons=cogumelos
Champignons=Cogumelos
chance=hipótese
Chance=Hipótese
chances=hipóteses
Chances=Hipóteses
chantilly=chantili
Chantilly=Chantili
chantillies=chantilis
Chantillies=Chantilis
charge=caricatura
Charge=Caricatura
charges=caricaturas
Charges=Caricaturas
charter=avião fretado
Charter=Avião fretado
charters=aviões fretados
Charters=Aviões fretados
chat=sala de conversação
Chat=Sala de conversação
chats=salas de conversação
Chats=Salas de conversação
chauffage=aquecimento
Chauffage=Aquecimento
chauffages=aquecimentos
Chauffages=Aquecimentos
chauffeur=motorista
Chauffeur=Motorista
chauffeurs=motoristas
Chauffeurs=Motoristas
check-in=registo de entrada|registo de embarque
Check-in=Registo de entrada
check-ins=registos de entrada|registos de embarque
Check-ins=Registos de entrada
check-up=exame geral
Check-up=Exame geral
check-ups=exames gerais
Check-ups=Exames gerais
checklist=lista de verificação
Checklist=Lista de verificação
checklists=listas de verificação
Checklists=Listas de verificação
checkout=registo de saída
Checkout=Registo de saída
checkouts=registos de saídas
Checkouts=Registos de saídas
checkpoint=posto de controlo
Checkpoint=Posto de controlo
checkpoints=postos de controlos
Checkpoints=Postos de controlos
cheeseburger=hambúrguer de queijo
Cheeseburger=Hambúrguer de queijo
cheeseburgers=hambúrgueres de queijo
Cheeseburgers=Hambúrgueres de queijo
cheesecake=tarte de queijo
Cheesecake=Tarte de queijo
cheesecakes=tartes de queijos
Cheesecakes=Tartes de queijos
chef=chefe
Chef=Chefe
chefs=chefes
Chefs=Chefes
cherry=licor de cereja
Cherry=Licor de cereja
cherries=licores de cerejas
Cherries=Licores de cerejas
chiffon=chifom
Chiffon=Chifom
chiffons=chifons
Chiffons=Chifons
chip=circuito integrado
Chip=Circuito integrado
chips=circuitos integrados
Chips=Circuitos integrados
ciào=chau
Ciào=Chau
ciàos=chaus
Ciàos=Chaus
cinderella=gata borralheira
Cinderella=Gata borralheira
cinderellas=gatas borralheiras
Cinderellas=Gatas borralheiras
clearing=liquidação
Clearing=Liquidação
clearings=liquidações
Clearings=Liquidações
chiché=clichê
Chiché=Clichê
chichés=clichês
Chichés=Clichês
clip=clipe
Clip=Clipe
clips=clipes
Clips=Clipes
clipper=clíper
Clipper=Clíper
clippers=clíperes
Clippers=Clíperes
close-up=grande plano
Close-up=Grande plano
close-ups=grandes planos
Close-ups=Grandes planos
na cloud=na nuvem|na internet
Na cloud=Na nuvem|Na internet
via cloud=pela nuvem|pela internet
Via cloud=Pela nuvem|Pela internet
cloud=nuvem
Cloud=Nuvem
coach=treinador
Coach=Treinador
coach=treinador
Coach=Treinadores
coaching=formação|treino
Coaching=Formação|Treino
cockpit=habitáculo
Cockpit=Habitáculo
cockpits=habitáculos
Cockpits=Habitáculos
cocktails=coqueteis
Cocktails=Coqueteis
cocktail=coquetel
Cocktail=Coquetel
code-share=partilha de código
Code-share=Partilha de código
code-shares=partilhas de código
Code-shares=Partilhas de código
collants=colãs
Collants=Colãs
compère=animador
Compère=Animador
compères=animadores
Compères=Animadores
complot=trama|conspiração
Complot=Trama|Conspiração
complots=trama|conspirações
Complots=Trama|Conspirações
confetti=confete
Confetti=Confete
confettis=confetes
Confettis=Confetes
consommé=consomê
Consommé=Consomê
consommés=consomês
Consommés=Consomês
cool=calmo
Cool=Calmo
cools=calmos
Cools=Calmos
copyright=direito de autor
Copyright=Direito de autor
copyrights=direitos de autor
Copyrights=Direitos de autor
copywriter=redator publicitário
Copywriter=Redator publicitário
copywriters=redatores publicitários
Copywriters=Redatores publicitários
cornetto=corneto
Cornetto=Corneto
cornettos=cornetos
Cornettos=Cornetos
cornflakes=flocos de cereais
Cornflakes=Flocos de cereais
couché=cuchê
Couché=Cuchê
couchés=cuchês
Couchés=Cuchês
couchette=cuchete
Couchette=Cuchete
couchettes=cuchetes
Couchettes=Cuchetes
coupé=carro desportivo descapotável
Coupé=Carro desportivo descapotável
coupés=carros desportivos descapotáveis
Coupés=Carros desportivos descapotáveis
coupon=cupão
Coupon=Cupão
coupons=cupões
Coupons=Cupões
courgette=curgete
Courgette=Curgete
courgettes=curgetes
Courgettes=Curgetes
court=campo de ténis
Court=Campo de ténis
courts=campos de ténis
Courts=Campos de ténis
couscous=cuscuz
Couscous=Cuscuz
couvert=entrada|aperitivos
Couvert=Entrada|Aperitivos
couverts=entrada|aperitivos
Couverts=Entrada|Aperitivos
cowboy=vaqueiro
Cowboy=Vaqueiro
cowboys=vaqueiros
Cowboys=Vaqueiros
crack=craque
Crack=Craque
cracks=craques
Cracks=Craques
crapaud=crapô
Crapaud=Crapô
crapauds=crapôs
Crapauds=Crapôs
crash=colapso súbito
Crash=Colapso súbito
crashs=colapsos súbitos
Crashs=Colapsos súbitos
crawl=livre
Crawl=Livre
crawls=livres
Crawls=Livres
crayon=craião
Crayon=Craião
cricket=críquete
Cricket=Críquete
crickets=críquetes
Crickets=Críquetes
crochet=croché
Crochet=Croché
crochets=crochés
Crochets=Crochés
croma=colcheia
Croma=Colcheia
cromas=colcheias
Cromas=Colcheias
croquis=esboço
Croquis=Esboço
cross=crosse
Cross=Crosse
#crosses=crosses
cross-country=crosse
Cross-country=Crosse
cross-countries=crosses
Cross-countries=Crosses
cross-selling=venda cruzada
Cross-selling=Venda cruzada
cross-sellings=vendas cruzadas
Cross-sellings=Vendas cruzadas
croupier=crupiê
Croupier=Crupiê
croupiers=crupiês
Croupiers=Crupiês
currency=moeda corrente
Currency=Moeda corrente
currencies=moedas correntes
Currencies=Moedas correntes
customizada=personalizada
customizadas=personalizadas
customizado=personalizado
customizados=personalizados
cuvette=cuvete
Cuvette=Cuvete
cuvettes=cuvetes
Cuvettes=Cuvetes
cyberspace=espaço virtual
Cyberspace=Espaço virtual
cyberspaces=espaços virtuais
Cyberspaces=Espaços virtuais
# cyborg=humanoide
# cyborgs=humanoides
dancing=discoteca
Dancing=Discoteca
dancings=discotecas
Dancings=Discotecas
dandy=dândi
Dandy=Dândi
dandies=dândis
Dandies=Dândis
deadline=data-limite
Deadline=Data-limite
deadlines=data-limites
Deadlines=Data-limites
dealer=operador de mercados
Dealer=Operador de mercados
dealers=operadores de mercados
Dealers=Operadores de mercados
dealer=traficante de droga
Dealer=Traficante de droga
dealers=traficantes de drogas
Dealers=Traficantes de drogas
débacle=debacle
Débacle=Debacle
débacles=debacles
Débacles=Debacles
début=estreia|estreia social
Début=Estreia|Estreia social
débuts=estreia|estreias sociais
Débuts=Estreia|Estreias sociais
décalage=desfasamento
Décalage=Desfasamento
décalages=desfasamentos
Décalages=Desfasamentos
decanter=decantador
Decanter=Decantador
decanters=decantadores
Decanters=Decantadores
deck=convés
Deck=Convés
decks=convés
Decks=Convés
décor=cenário
Décor=Cenário
décors=cenários
Décors=Cenários
default=predefinição|predefinido|predefinida
Default=predefinição|predefinido|predefinida
defaults=predefinições|predefinidos|predefinidas
Defaults=predefinições|predefinidos|predefinidas
degradé=escala matizada|cabelo escadeado
Degradé=Escala matizada|Cabelo escadeado
degradés=escalas matizadas|cabelos escadeados
Degradés=Escalas matizadas|Cabelos escadeados
déjà-vu=paramnésia
Déjà-vu=Paramnésia
déjà-vus=paramnésias
Déjà-vus=Paramnésias
delivery=entrega
Delivery=Entrega
deliveries=entregas
Deliveries=Entregas
démarche=diligência
Démarche=Diligência
démarches=diligências
Démarches=Diligências
démodé=fora de moda
Démodé=Fora de moda
démodés=fora de moda
Démodés=Fora de moda
derby=grande competição desportiva
Derby=Grande competição desportiva
derbies=grandes competições desportivas
Derbies=Grandes competições desportivas
design=desenho industrial
Design=Desenho industrial
designs=desenhos industriais
Designs=Desenhos industriais
designer=desenhador profissional|desenhador
Designer=Desenhador profissional|Desenhador
designers=desenhadores profissional|desenhadores
Designers=Desenhadores profissional|Desenhadores
dessert=sobremesa
Dessert=Sobremesa
desserts=sobremesas
Desserts=Sobremesas
destroyer=contratorpedeiro
Destroyer=Contratorpedeiro
destroyers=contratorpedeiros
Destroyers=Contratorpedeiros
détente=descompressão
Détente=Descompressão
détentes=descompressões
Détentes=Descompressões
diesel=gasóleo
Diesel=Gasóleo
diesels=gasóleos
Diesels=Gasóleos
diesel=gasóleo
Diesel=Gasóleo
diesels=gasóleos
Diesels=Gasóleos
disc-jockey=disco-jóquei
Disc-jockey=Disco-jóquei
disc-jockeys=disco-jóqueis
Disc-jockeys=Disco-jóqueis
diskette=disquete
Diskette=Disquete
diskettes=disquetes
Diskettes=Disquetes
display=mostrador
Display=Mostrador
displays=mostradores
Displays=Mostradores
dobermann=dobermane
Dobermann=Dobermane
dobermanns=dobermanes
Dobermanns=Dobermanes
donut=dónute
Donut=Dónute
donuts=dónutes
Donuts=Dónutes
dope=dopante
Dope=Dopante
dopes=dopantes
Dopes=Dopantes
doping=dope
Doping=Dope
dopings=dopes
Dopings=Dopes
dossiê=pasta|arquivo
Dossiê=Pasta|Arquivo
dossiês=pastas|arquivos
Dossiês=Pastas|Arquivos
dossier=pasta|arquivo
Dossier=Pasta|Arquivo
dossiers=pastas|arquivos
Dossiers=Pastas|Arquivos
download=transferência|transferir
Download=Transferência|Transferir
downloads=transferências
Downloads=Transferências
downsizing=redução de custos
Downsizing=Redução de custos
downsizings=reduções de custos
Downsizings=Reduções de custos
downtown=baixa
Downtown=Baixa
downtowns=baixas
Downtowns=Baixas
drink=bebida
Drink=Bebida
drinks=bebidas
Drinks=Bebidas
driver=controlador|taco
Driver=Controlador|Taco
drivers=controladores|tacos
Drivers=Controladores|Tacos
# e-book=livro eletrónico
# E-book=Livro eletrónico
# e-books=livros eletrónicos
# E-books=Livros eletrónicos
# e-mail=correio eletrónico
# E-mail=Correio eletrónico
# e-mails=correios eletrónicos
# E-mails=Correios eletrónicos
# e-zine=revista eletrónica
# E-zine=Revista eletrónica
# e-zines=revistas eletrónicas
# E-zines=Revistas eletrónicas
eau-de-toilette=água de colónia
Eau-de-toilette=Água de colónia
eau-de-toilettes=águas de colónia
Eau-de-toilettes=Águas de colónia
écarté=ecartê
Écarté=Ecartê
écartés=ecartês
Écartés=Ecartês
écharpe=echarpe
Écharpe=Echarpe
écharpes=echarpes
Écharpes=Echarpes
éclair=ecler
Éclair=Ecler
éclairs=ecleres
Éclairs=Ecleres
eco-friendly=amigo do ambiente
Eco-friendly=Amigo do ambiente
eco-friendlies=amigos do ambiente
Eco-friendlies=Amigos do ambiente
écran=ecrã
Écran=Ecrã
écrans=ecrãs
Écrans=Ecrãs
editing=edição|editoração
Editing=Edição|Editoração
editings=edições|editorações
Editings=Edições|Editorações
édredon=edredão
Édredon=Edredão
édredons=edredões
Édredons=Edredões
eighties=anos oitenta
Eighties=Anos oitenta
élan=elã
Élan=Elã
élans=elãs
Élans=Elãs
encore=bis
Encore=Bis
encores=bis
Encores=Bis
engagé=envolvido|envolvida
Engagé=Envolvido|Envolvida
engagés=envolvidos|envolvidas
Engagés=Envolvidos|Envolvidas
enjambement=encavalgamento
Enjambement=Encavalgamento
enjambements=encavalgamentos
Enjambements=Encavalgamentos
entertainer=animador
Entertainer=Animador
entertainers=animadores
Entertainers=Animadores
entertainment=entretenimento
Entertainment=Entretenimento
entertainments=entretenimentos
Entertainments=Entretenimentos
entourage=círculo pessoal
Entourage=Círculo pessoal
entourages=círculos pessoais
Entourages=Círculos pessoais
entrecôte=entrecosto
Entrecôte=Entrecosto
entrecôtes=entrecostos
Entrecôtes=Entrecostos
establishment=classe dominante
Establishment=Classe dominante
establishments=classes dominantes
Establishments=Classes dominantes
estore=persiana
Estore=Persiana
estores=persianas
Estores=Persianas
exit=saída
Exit=Saída
exits=saídas
Exits=Saídas
expert=especialista
Expert=Especialista
experts=especialistas
Experts=Especialistas
expertise=perícia
Expertise=Perícia
expertises=perícias
Expertises=Perícias
extranet=rede externa
Extranet=Rede externa
extranets=redes externas
Extranets=Redes externas
eye-liner=delineador de olhos
Eye-liner=Delineador de olhos
eye-liners=delineadores de olhos
Eye-liners=Delineadores de olhos
eyeliner=delineador de olhos
Eyeliner=Delineador de olhos
eyeliners=delineadores de olhos
Eyeliners=Delineadores de olhos
fact checking=verificação de factos
Fact checking=Verificação de factos
factoring=cessão financeira
Factoring=Cessão financeira
factorings=cessões financeiras
Factorings=Cessões financeiras
fake news=notícia falsa|notícias falsas
Fake news=Notícia falsa|Notícias falsas
fait diver=facto diversos
Fait diver=Facto diversos
fait divers=factos diversos
Fait divers=Factos diversos
fan=admirador|entusiasta
Fan=Admirador||Entusiasta
fans=admiradores|entusiastas
Fans=Admiradores|Entusiastas
farniente=ociosidade
Farniente=Ociosidade
farnientes=ociosidades
Farnientes=Ociosidades
fauteuil=poltrona
Fauteuil=Poltrona
fauteuils=poltronas
Fauteuils=Poltronas
fax=faxe
Fax=Faxe
faxs=faxes
Faxs=Faxes
feddayin=guerrilheiros palestinianos
Feddayin=Guerrilheiros palestinianos
feddayins=guerrilheiros palestinianos
Feddayins=Guerrilheiros palestinianos
feedback=opinião|comentário
Feedback=Opinião|Comentário
feedbacks=opiniões|comentários
Feedbacks=Opiniões|Comentários
feeling=sensação|pressentimento
Feeling=Sensação|Pressentimento
feelings=sensações|pressentimentos
Feelings=Sensações|Pressentimento
féerie=feeria
Féerie=Feeria
féeries=feerias
Féeries=Feerias
ferry=cacilheiro
Ferry=Cacilheiro
ferrys=cacilheiros
Ferrys=Cacilheiros
ferries=cacilheiros
Ferries=Cacilheiros
ferryboat=cacilheiro
Ferryboat=Cacilheiro
ferryboats=cacilheiros
Ferryboats=Cacilheiros
fifties=anos cinquenta
Fifties=Anos cinquenta
finesse=requinte
Finesse=Requinte
finesses=requintes
Finesses=Requintes
firewall=barreira de segurança
Firewall=Barreira de segurança
firewalls=barreiras de seguranças
Firewalls=Barreiras de seguranças
fixing=fixação de câmbio
Fixing=Fixação de câmbio
fixings=fixações de câmbios
Fixings=Fixações de câmbios
flan=flã
Flan=Flã
flans=flãs
Flans=Flãs
flash=flache
Flash=Flache
flashs=flaches
Flashs=Flaches
flashback=retrospetiva
Flashback=Retrospetiva
flashbacks=retrospetivas
Flashbacks=Retrospetivas
flat=apartamento
Flat=Apartamento
flats=apartamentos
Flats=Apartamentos
flipper=flíper
Flipper=Flíper
flippers=flíperes
Flippers=Flíperes
flirt=galanteio
Flirt=Galanteio
flirts=galanteios
Flirts=Galanteios
flop=fracasso
Flop=Fracasso
flops=fracassos
Flops=Fracassos
flutter=fibrilação
Flutter=Fibrilação
flutters=fibrilações
Flutters=Fibrilações
follow-up=continuação
Follow-up=Continuação
follow-ups=continuações
Follow-ups=Continuações
footing=caminhada
Footing=Caminhada
footings=caminhadas
Footings=Caminhadas
forcing=esforço
Forcing=Esforço
forcings=esforços
Forcings=Esforços
forecast=prever|predizer|previsão
Forecast=Prever|Predizer|Previsão
forties=anos quarenta
Forties=Anos quarenta
frame por segundo=quadro por segundo
Frame por segundo=Quadro por segundo
frames por segundo=quadros por segundo
Frames por segundo=Quadros por segundo
franchise=contrato de franquia
Franchise=Contrato de franquia
franchises=contratos de franquias
Franchises=Contratos de franquias
franchising=contrato de franquia
Franchising=Contrato de franquia
franchisings=contratos de franquias
Franchisings=Contratos de franquias
free=livre
Free=Livre
frees=livres
Frees=Livres
freelance=trabalhador independente
Freelance=Trabalhador independente
freelances=trabalhadores independentes
Freelances=Trabalhadores independentes
freelancer=trabalhador independente
Freelancer=Trabalhador independente
freelancers=trabalhadores independentes
Freelancers=Trabalhadores independentes
froufrou=frufru
Froufrou=Frufru
froufrous=frufrus
Froufrous=Frufrus
fuel=combustível
Fuel=Combustível
fuels=combustíveis
Fuels=Combustíveis
# führer=chefe
# führers=chefes
full-time=tempo inteiro
Full-time=Tempo inteiro
full-times=tempo inteiro
Full-times=Tempo inteiro
full-time=tempo inteiro
Full-time=Tempo inteiro
full-times=tempo inteiro
Full-times=Tempo inteiro
funding=capitalização
Funding=Capitalização
fundings=capitalizações
Fundings=Capitalizações
gadget=bugiganga
Gadget=Bugiganga
gadgets=bugigangas
Gadgets=Bugigangas
gaffe=deslize|descuido
Gaffe=Deslize|Descuido
gaffes=deslizes|descuidos
Gaffes=Deslize|Descuidos
gag=gracejo
Gag=Gracejo
gags=gracejos
Gags=Gracejos
gang=gangue
Gang=Gangue
gangs=gangues
Gangs=Gangues
gangster=gângster
Gangster=Gângster
gangsters=gângsteres
Gangsters=Gângsteres
gap=hiato
Gap=Hiato
gaps=hiatos
Gaps=Hiatos
garçon=empregado de mesa
Garçon=Empregado de mesa
garçons=empregados de mesa
Garçons=Empregados de mesa
garçonne=empregada de mesa
Garçonne=Empregada de mesa
garçonnes=empregadas de mesa
Garçonnes=Empregadas de mesa
# gauche=canhestro
# gauches=canhestros
gay=homossexual
Gay=Homossexual
gays=homossexuais
Gays=Homossexuais
gay=homossexual
Gay=Homossexual
gays=homossexuais
Gays=Homossexuais
geisha=gueixa
Geisha=Gueixa
geishas=gueixas
Geishas=Gueixas
gentleman=cavalheiro
Gentleman=Cavalheiro
gentlemans=cavalheiros
Gentlemans=Cavalheiros
ghetto=gueto
Ghetto=Gueto
ghettos=guetos
Ghettos=Guetos
gigolo=gigolô
Gigolo=Gigolô
gigolos=gigolôs
Gigolos=Gigolôs
gilet=gilé
Gilet=Gilé
gilets=gilés
Gilets=Gilés
gin=gim
Gin=Gim
glamour=encanto
Glamour=Encanto
glamours=encantos
Glamours=Encantos
globetrotter=vagamundo
Globetrotter=Vagamundo
globetrotters=vagamundos
Globetrotters=Vagamundos
gneisse=gnaisse
Gneisse=Gnaisse
gneisses=gnaisses
Gneisses=Gnaisses
goal-average=diferença de golos
Goal-average=Diferença de golos
goal-averages=diferenças de golos
Goal-averages=Diferenças de golos
godet=godé
Godet=Godé
godets=godés
Godets=Godés
godet=godé
Godet=Godé
godets=godés
Godets=Godés
golf=golfe
Golf=Golfe
golfs=golfes
Golfs=Golfes
gong=gongo
Gong=Gongo
gongs=gongos
Gongs=Gongos
goodbye=adeus
Goodbye=Adeus
goodbyes=adeus
Goodbyes=Adeus
goulag=campo de trabalhos forçados
Goulag=Campo de trabalhos forçados
goulags=campos de trabalhos forçados
Goulags=Campos de trabalhos forçados
gourmet=gastrónomo
Gourmet=Gastrónomo
gourmets=gastrónomos
Gourmets=Gastrónomos
graffiti=grafito
Graffiti=Grafito
graffitis=grafitos
Graffitis=Grafitos
green=campo de golfe|verde
Green=Campo de golfe|Verde
greens=campos de golfes|verdes
Greens=Campos de golfes|Verdes
grenat=grená
Grenat=Grená
grenats=grenás
Grenats=Grenás
grenat=grená
Grenat=Grená
grenats=grenás
Grenats=Grenás
griffe=etiqueta|marca luxuosa
Griffe=Etiqueta|Marca luxuosa
griffes=etiqueta|marcas luxuosas
Griffes=Etiqueta|Marcas luxuosas
grill=churrasqueira
Grill=Churrasqueira
grills=churrasqueiras
Grills=Churrasqueiras
groom=paquete|estribeiro
Groom=Paquete|Estribeiro
grooms=paquetes|estribeiro
Grooms=Paquetes|Estribeiros
gross=resultado bruto
Gross=Resultado bruto
grosses=resultados brutos
Grosses=Resultados brutos
guichet=guiché
Guichet=Guiché
guichets=guichés
Guichets=Guichés
habitué=frequentador
Habitué=Frequentador
habitués=frequentadores
Habitués=Frequentadores
# hacker=pirata informático
# hackers=piratas informáticos
hall=corredor|vestíbulo
Hall=Corredor|Vestíbulo
halls=corredores|vestíbulos
Halls=Corredores|Vestíbulos
hamburger=hambúrguer
Hamburger=Hambúrguer
hamburgers=hambúrgueres
Hamburgers=Hambúrgueres
hamster=hámster
Hamster=Hámster
hamsters=hámsteres
Hamsters=Hámsteres
handicap=desvantagem
Handicap=Desvantagem
handicaps=desvantagens
Handicaps=Desvantagens
handling=operação
Handling=Operação
handlings=operações
Handlings=Operações
happening=acontecimento
Happening=Acontecimento
happenings=acontecimentos
Happenings=Acontecimentos
hara-kiri=haraquíri
Hara-kiri=Haraquíri
hara-kiris=haraquíris
Hara-kiris=Haraquíris
hard=duro
Hard=Duro
hards=duros
Hards=Duros
hard-core=pornográfico
Hard-core=Pornográfico
hard-cores=pornográficos
Hard-cores=Pornográficos
hardware=equipamento físico
Hardware=Equipamento físico
hardwares=equipamentos físicos
Hardwares=Equipamentos físicos
headphones=auscultadores
Headphones=Auscultadores
hi-fi=alta-fidelidade
Hi-fi=Alta-fidelidade
hi-fis=alta-fidelidades
Hi-fis=Alta-fidelidades
high definition=alta definição
High definition=Alta definição
High Definition=Alta Definição
high-tech=alta-tecnologia
High-tech=Alta-tecnologia
high-techs=alta-tecnologias
High-techs=Alta-tecnologias
hit=êxito
Hit=Êxito
hits=êxitos
Hits=Êxitos
hobby=passatempo
Hobby=Passatempo
hobbies=passatempos
Hobbies=Passatempos
holding=sociedade gestora de participações sociais
Holding=Sociedade gestora de participações sociais
holdings=sociedades gestoras de participações sociais
Holdings=Sociedades gestoras de participações sociais
hooligan=holígane
Hooligan=Holígane
hooligans=holíganes
Hooligans=Holíganes
home office=escritório em casa|escritório doméstico
home office=Escritório em casa|Escritório doméstico
hors-d'oeuvre=acepipe
Hors-d'oeuvre=Acepipe
hors-d'oeuvres=acepipes
Hors-d'oeuvres=Acepipes
horsepower=cavalo-vapor
Horsepower=Cavalo-vapor
horsepowers=cavalo-vapores
Horsepowers=Cavalo-vapores
hostel=pousada da juventude
Hostel=Pousada da juventude
hostels=pousadas da juventude
Hostels=Pousadas da juventude
hot=excitante|quente
Hot=Quente
hots=quentes
Hots=Quentes
hovercraft=aerodeslizador
Hovercraft=Aerodeslizador
hovercrafts=aerodeslizadores
Hovercrafts=Aerodeslizadores
hydrofoil=hidroplanador
Hydrofoil=Hidroplanador
hydrofoils=hidroplanadores
Hydrofoils=Hidroplanadores
ice-cream=gelado
Ice-cream=Gelado
ice-creams=gelados
Ice-creams=Gelados
# iceberg=montanha de gelo|massa de gelo
# icebergs=montanhas de gelo|massas de gelo
igloo=iglu
Igloo=Iglu
igloos=iglus
Igloos=Iglus
impeachment=destituição
Impeachment=Destituição
impeachments=destituições
Impeachments=Destituições
import-export=importação-exportação
Import-export=Importação-exportação
import-exports=importações-exportações
Import-exports=Importações-exportações
indoors=interiores|ambientes fechados
Indoors=Interiores|Ambientes fechados
indoor=interior|ambiente fechado
Indoor=Interior|Ambiente fechado
input=entrada
Input=Entrada
inputs=entradas
Inputs=Entradas
insight=intuição
Insight=Intuição
insights=intuições
Insights=Intuições
intelligentzia=inteligência
Intelligentzia=Inteligência
intelligentzias=inteligências
Intelligentzias=Inteligências
intermezzo=entremez
Intermezzo=Entremez
intermezzos=entremezes
Intermezzos=Entremezes
intranet=rede interna
Intranet=Rede interna
intranets=redes internas
Intranets=Redes internas
jabot=jabô
Jabot=Jabô
jabots=jabôs
Jabots=Jabôs
jacuzzi=jacúzi
Jacuzzi=Jacúzi
jacuzzis=jacúzis
Jacuzzis=Jacúzis
jeans=calças de ganga
Jeans=Calças de ganga
jeep=jipe
Jeep=Jipe
jeeps=jipes
Jeeps=Jipes
jerrican=jerricã
Jerrican=Jerricã
jerricans=jerricãs
Jerricans=Jerricãs
jerrycan=jerricã
Jerrycan=Jerricã
jerrycans=jerricãs
Jerrycans=Jerricãs
jersey=jérsei
Jersey=Jérsei
jerseys=jérseis
Jerseys=Jérseis
jet=avião a jato
Jet=Avião a jato
jets=aviões a jato
Jets=Aviões a jato
jetfoil=jactoplanador
Jetfoil=Jactoplanador
jetfoils=jactoplanadores
Jetfoils=Jactoplanadores
jihad=guerra santa
Jihad=Guerra santa
jihads=guerras santas
Jihads=Guerras santas
jingle=publicidade musicada
Jingle=Publicidade musicada
jingles=publicidades musicadas
Jingles=Publicidades musicadas
job=emprego
Job=Emprego
jobs=empregos
Jobs=Empregos
jockey=cavaleiro profissional
Jockey=Cavaleiro profissional
jockeys=cavaleiros profissionais
Jockeys=Cavaleiros profissionais
jogging=corrida
Jogging=Corrida
joggings=corridas
Joggings=Corridas
joker=jóquer
Joker=Jóquer
jokers=jóqueres
Jokers=Jóqueres
joystick=barra de controlo
Joystick=Barra de controlo
joysticks=barras de controlo
Joysticks=Barras de controlo
junkie=toxicodependente
Junkie=Toxicodependente
junkies=toxicodependentes
Junkies=Toxicodependentes
kabuki=cabúqui
Kabuki=Cabúqui
kabukis=cabúquis
Kabukis=Cabúquis
# karaté=caraté
# karatés=caratés
karma=carma
Karma=Carma
karmas=carmas
Karmas=Carmas
kart=carte
Kart=Carte
karts=cartes
Karts=Cartes
karting=cartismo
Karting=Cartismo
kartings=cartismos
Kartings=Cartismos
kayak=caiaque
Kayak=Caiaque
kayaks=caiaques
Kayaks=Caiaques
kendo=quendo
Kendo=Quendo
kendos=quendos
Kendos=Quendos
kimono=quimono
Kimono=Quimono
kimonos=quimonos
Kimonos=Quimonos
kirsch=quirche
Kirsch=Quirche
kirschs=quirches
Kirschs=Quirches
kiwi=quivi
Kiwi=Quivi
kiwis=quivis
Kiwis=Quivis
kjökkenmödding=concheiro
Kjökkenmödding=Concheiro
kjökkenmöddings=concheiros
Kjökkenmöddings=Concheiros
klaxon=buzina de automóvel
Klaxon=Buzina de automóvel
klaxons=buzinas de automóvel
Klaxons=Buzinas de automóvel
kleenex=lenço de papel
Kleenex=Lenço de papel
kleenexs=lenços de papel
Kleenexs=Lenços de papel
knock-out=nocaute
Knock-out=Nocaute
knock-outs=nocautes
Knock-outs=Nocautes
knockout=nocaute
Knockout=Nocaute
knockouts=nocautes
Knockouts=Nocautes
knockout=nocaute
Knockout=Nocaute
knockouts=nocautes
Knockouts=Nocautes
know-how=conhecimento|saber fazer
Know-how=Conhecimento|Saber fazer
know-hows=conhecimentos|saber fazer
Know-hows=Conhecimentos|Saber fazer
koala=coala
Koala=Koala
koalas=coalas
Koalas=Koalas
lady=dama|senhora
ladies=damas|senhoras
lamé=lamê
Lamé=Lamê
lamés=lamês
Lamés=Lamês
laptop=portátil
Laptop=Portátil
laptops=portáteis
Laptops=Portáteis
layout=disposição
Layout=Disposição
layouts=disposições
Layouts=Disposições
leader=líder
Leader=Líder
leaders=líderes
Leaders=Líderes
leasing=locação financeira
Leasing=Locação financeira
leasings=locações financeiras
Leasings=Locações financeiras
leasing=locação financeira
Leasing=Locação financeira
leasings=locações financeiras
Leasings=Locações financeiras
lied=arranjo musical
Lied=Arranjo musical
lieds=arranjos musicais
Lieds=Arranjos musicais
light=leve|de baixo valor calórico
Light=Leve|De baixo valor calórico
lights=leves|de baixo valor calórico
Lights=Leves|De baixo valor calórico
link=ligação
Link=Ligação
links=ligações
Links=Ligações
linotype=linótipo
Linotype=Linótipo
linotypes=linótipos
Linotypes=Linótipos
listeria=listeriose
Listeria=Listeriose
live=em direto
live stream=transmissão em direto
Live stream=Transmissão em direto
live streams=transmissões em direto
Live streams=Transmissões em direto
live streaming=transmissão em direto
Live streaming=Transmissão em direto
live streamings=transmissões em direto
Live streamings=Transmissões em direto
lobby=grupo de pressão
Lobby=Grupo de pressão
lobbies=grupos de pressão
Lobbies=Grupos de pressão
look=imagem|moda|aparência
Look=Moda|Aparência
looks=imagens|modas|aparências
Looks=Modas|Aarências
lord=lorde
Lord=Lorde
lords=lordes
Lords=Lordes
löss=loesse
Löss=Loesse
lösses=loesses
Lösses=Loesses
lounge=sala de espera
Lounge=Sala de espera
lounges=salas de espera
Lounges=Salas de espera
low cost=de baixo custo
Low cost=De baixo custo
low costs=de baixos custos
Low costs=De baixos custos
low-cost=de baixo custo
Low-cost=De baixo custo
low-costs=de baixos custos
Low-costs=De baixos custos
low-profile=discreto
Low-profile=Discreto
low-profiles=discretos
Low-profiles=Discretos
lycra=licra
Lycra=Licra
lycras=licras
Lycras=Licras
maçon=mação
Maçon=Mação
maçons=mações
Maçons=Mações
made in=feito em|fabricado em
Made in=Feito em
# madonna=madona
# madonnas=madonas
mahjong=majongue
Mahjong=Majongue
mahjongs=majongues
Mahjongs=Majongues
mah-jong=majongue
Mah-jong=Majongue
mah-jongs=majongues
Mah-jongs=Majongues
mail=endereço electrónico
Mail=Endereço electrónico
mails=endereços electrónicos
Mails=Endereços electrónicos
mailing=lista de endereços
Mailing=Lista de endereços
mailings=listas de endereços
Mailings=Listas de endereços
maillot=maiô
Maillot=Maiô
maillots=maiôs
Maillots=Maiôs
mainframe=unidade central de processamento
Mainframe=Unidade central de processamento
mainframes=unidades centrais de processamento
Mainframes=Unidades centrais de processamento
mainstream=corrente principal
Mainstream=Corrente principal
mainstreams=correntes principais
Mainstreams=Correntes principais
maître=chefe
Maître=Chefe
maîtres=chefes
Maîtres=Chefes
make-up=maquilhagem
Make-up=Maquilhagem
make-ups=maquilhagens
Make-ups=Maquilhagens
management=gestão|gerência
Management=Gerência|Gestão
managements=gestões|gerências
Managements=Gerências|Gestões
manager=gerente|treinador
Manager=Gerente|Treinador
managers=gerente|treinadores
Managers=Gerente|Treinadores
manette=manete
Manette=Manete
manettes=manetes
Manettes=Manetes
manif=manifestação
Manif=Manifestação
manifs=manifestações
Manifs=Manifestações
maple=sofá
Maple=Sofá
maples=sofás
Maples=Sofás
maquillage=maquilhagem
Maquillage=Maquilhagem
maquillages=maquilhagens
Maquillages=Maquilhagens
marron=castanho
Marron=Castanho
marrons=castanhos
Marrons=Castanhos
marron=castanho
Marron=Castanho
marrons=castanhos
Marrons=Castanhos
match=desafio
Match=Desafio
matchs=desafios
Matchs=Desafios
matching=correspondência
Matching=Correspondência
matchings=correspondências
Matchings=Correspondências
matinée=sessão da tarde
Matinée=Sessão da tarde
matinées=sessões da tarde
Matinées=Sessões da tarde
mayonnaise=maionese
Mayonnaise=Maionese
mayonnaises=maioneses
Mayonnaises=Maioneses
menu=ementa
Menu=Ementa
menus=ementas
Menus=Ementas
meeting=comício|encontro|reunião
Meeting=Comício|Encontro|reuniões
mêlée=confusão
Mêlée=Confusão
mêlées=confusões
Mêlées=Confusões
merchandising=divulgação|produto para promoção
Merchandising=Divulgação|Produto para promoção
merchandisings=divulgações|produtos para promoção
Merchandisings=Divulgações|Produtos para promoção
mezzo=meio-soprano
Mezzo=Meio-soprano
mezzos=meio-sopranos
Mezzos=Meio-sopranos
mezzo-soprano=meio-soprano
Mezzo-soprano=Meio-soprano
mezzo-sopranos=meio-sopranos
Mezzo-sopranos=Meio-sopranos
Mianmar=Birmânia
microchip=circuito integrado
Microchip=Circuito integrado
microchips=circuitos integrados
Microchips=Circuitos integrados
minibus=miniautocarro
Minibus=Miniautocarro
minibuses=miniautocarros
Minibuses=Miniautocarros
mise-en-scène=encenação
Mise-en-scène=Encenação
mise-en-scènes=encenações
Mise-en-scènes=Encenações
mix=mistura
Mix=Mistura
mixes=misturas
Mixes=Misturas
monokini=monoquíni
Monokini=Monoquíni
monokinis=monoquínis
Monokinis=Monoquínis
motard=motoqueiro|motociclista
Motard=Motoqueiro|Motociclista
motards=motoqueiro|motociclistas
Motards=Motoqueiro|Motociclistas
motherboard=placa-mãe
Motherboard=Placa-mãe
motherboards=placa-mães
Motherboards=Placa-mães
motocross=motocrosse
Motocross=Motocrosse
# motocrosses=motocrosses
mouche=muche
Mouche=Muche
mouches=muches
Mouches=Muches
mouse=rato
Mouse=Rato
mouses=ratos
Mouses=Ratos
mousse=musse
Mousse=Musse
mousses=musses
Mousses=Musses
muezzin=muezim
Muezzin=Muezim
Myanmar=Birmânia
muezzins=muezins
Muezzins=Muezins
multitasking=multitarefa
Multitasking=Multitarefa
naïf=ingénuo
Naïf=Ingénuo
naïfs=ingénuos
Naïfs=Ingénuos
naïf=ingénuo
Naïf=Ingénuo
naïfs=ingénuos
Naïfs=Ingénuos
naïve=ingénuo
Naïve=Ingénuo
naïves=ingénuos
Naïves=Ingénuos
napperon=naperão
Napperon=Naperão
napperons=naperões
Napperons=Naperões
negligé=descuidado
Negligé=Descuidado
negligés=descuidados
Negligés=Descuidados
net=líquido
Net=Líquido
nets=líquidos
Nets=Líquidos
network=cadeia|rede
Network=Cadeia|Reder
networks=cadeias|redes
Networks=Cadeias|Redes
newsletter=boletim
Newsletter=Boletim
newsletters=boletins
Newsletters=Boletins
noise=barulho
Noise=Barulho
noises=barulhos
Noises=Barulhos
non-stop=ininterrupto
Non-stop=Ininterrupto
non-stops=ininterruptos
Non-stops=Ininterruptos
nonsense=absurdo
Nonsense=Absurdo
nonsenses=absurdos
Nonsenses=Absurdos
notebook=portátil
Notebook=Portátil
notebooks=portáteis
Notebooks=Portáteis
note-book=portátil
Note-book=Portátil
note-books=portáteis
Note-books=Portáteis
nylon=náilon
Nylon=Náilon
nylons=náilons
Nylons=Náilons
off-line=sem rede|fora de linha
Off-line=Sem rede|Fora de linha
off-lines=sem rede|foras de linha
Off-lines=Sem rede|Foras de linha
offline=sem rede|fora de linha
Offline=Sem rede|Fora de linha
offlines=sem rede|foras de linha
Offlines=Sem rede|Foras de linha
ombudsman=provedor
Ombudsman=Provedor
ombudsmans=provedores
Ombudsmans=Provedores
omertà=conspiração
Omertà=Conspiração
omertàs=conspirações
Omertàs=Conspirações
open=aberto
Open=Aberto
opens=abertos
Opens=Abertos
# out=fora
outs=foras
Outs=Foras
outdoor=cartaz
Outdoor=Cartaz
outdoors=cartazes
Outdoors=Cartazes
output=resultado
Output=Resultado
outputs=resultados
Outputs=Resultados
outsourcing=contratação externa
Outsourcing=Contratação externa
outsourcings=contratações externas
Outsourcings=Contratações externas
overdose=sobredose
Overdose=Sobredose
overdoses=sobredoses
Overdoses=Sobredoses
overwrite=sobrescrever
ozone=ozono
Ozone=Ozono
ozones=ozonos
Ozones=Ozonos
pacemaker=estimulador cardíaco
Pacemaker=Estimulador cardíaco
pacemakers=estimuladores cardíaco
Pacemakers=Estimuladores cardíaco
pack=conjunto|embalagem
Pack=Conjunto|Embalagem
packs=conjuntos|embalagens
Packs=Conjuntos|Embalagens
package=embalagem
Package=Embalagem
packages=embalagens
Packages=Embalagens
paella=paelha
Paella=Paelha
paellas=paelhas
Paellas=Paelhas
pager=bip
Pager=Bip
pagers=bips
Pagers=Bips
palmtop=computador de mão
Palmtop=Computador de mão
palmtops=computadores de mão
Palmtops=Computadores de mão
panne=pane
Panne=Pane
pannes=panes
Pannes=Panes
papillon=borboleta
Papillon=Borboleta
papillons=borboletas
Papillons=Borboletas
paprika=paprica|pimentão doce
Paprika=Paprica|Pimentão doce
paprikas=paprica|pimentões doces
Paprikas=Paprica|Pimentões doces
parasailing=para-quedismo
Parasailing=Para-quedismo
parasailings=para-quedismos
Parasailings=Para-quedismos
parka=parca
Parka=Parca
parkas=parcas
Parkas=Parcas
parking=parque de estacionamento
Parking=Parque de estacionamento
parkings=parques de estacionamento
Parkings=Parques de estacionamento
parquet=parqué
Parquet=Parqué
parquets=parqués
Parquets=Parqués
part-time=tempo parcial
Part-time=Tempo parcial
part-times=tempo parcial
Part-times=Tempo parcial
partenaire=parceiro
Partenaire=Parceiro
partenaires=parceiros
Partenaires=Parceiros
partner=parceiro
partners=parceiros
passe-partout=caixilho
Passe-partout=Caixilho
passe-partouts=caixilhos
Passe-partouts=Caixilhos
passerelle=passarela
Passerelle=Passarela
passerelles=passarelas
Passerelles=Passarelas
password=senha
Password=Senha
passwords=senhas
Passwords=Senhas
patchwork=manta de retalhos
Patchwork=Manta de retalhos
patchworks=mantas de retalhos
Patchworks=Mantas de retalhos
pâté=patê
Pâté=Patê
pâtés=patês
Pâtés=Patês
pedigree=linhagem
Pedigree=Linhagem
pedigrees=linhagens
Pedigrees=Linhagens
penalty=grande penalidade
Penalty=Grande penalidade
penalties=grandes penalidades
Penalties=Grandes penalidades
per capita=por cabeça
Per capita=Por cabeça
per se=por si mesmo
Per se=Por si mesmo
per si=por si mesmo
Per si=Por si mesmo
performance=desempenho
Performance=Desempenho
performances=desempenhos
Performances=Desempenhos
performer=artista de palco|intérprete
Performer=Artista de palco|Intérprete
performers=artistas de palco|intérpretes
Performers=Artistas de palco|Intérpretes
personal trainer=instrutor pessoal
Personal trainer=Instrutor pessoal
personal trainers=instrutores pessoal
Personal trainers=Instrutores pessoal
physalis=fisális
Physalis=Fisális
pick-up=carrinha de caixa aberta
Pick-up=Carrinha de caixa aberta
pick-ups=carrinhas de caixa aberta
Pick-ups=Carrinhas de caixa aberta
pickle=picle
Pickle=Picle
pickles=picles
Pickles=Picles
pickpocket=carteirista
Pickpocket=Carteirista
pickpockets=carteiristas
Pickpockets=Carteiristas
picnic=merenda
Picnic=Merenda
picnics=merendas
Picnics=Merendas
piercing=pírcingue
Piercing=Pírcingue
piercings=pírcingues
Piercings=Pírcingues
pipeline=gasoduto
Pipeline=Gasoduto
pipelines=gasodutos
Pipelines=Gasodutos
pistache=pistácio
Pistache=Pistácio
pistaches=pistácios
Pistaches=Pistácios
pivot=pivô
Pivot=Pivô
pivots=pivôs
Pivots=Pivôs
pizza=piza
# Pizza=Piza
pizzas=pizas
# Pizzas=Pizas
pizzaria=pizaria
Pizzaria=Pizaria
pizzarias=pizarias
Pizzarias=Pizarias
pizzeria=pizaria
Pizzeria=Pizaria
pizzerias=pizarias
Pizzerias=Pizarias
pizzicato=pizicato
Pizzicato=Pizicato
pizzicatos=pizicatos
Pizzicatos=Pizicatos
pizzicato=pizicato
Pizzicato=Pizicato
pizzicatos=pizicatos
Pizzicatos=Pizicatos
placard=placar
Placard=Placar
placards=placares
Placards=Placares
plafond=limite máximo
Plafond=Limite máximo
plafonds=limites máximos
Plafonds=Limites máximos
plastron=plastrão
Plastron=Plastrão
plastrons=plastrões
Plastrons=Plastrões
plateau=patamar
Plateau=Patamar
plateaus=patamares
Plateaus=Patamares
play-off=jogo extraordinário
Play-off=Jogo extraordinário
play-offs=jogos extraordinários
Play-offs=Jogos extraordinários
playlist=seleção musical
Playlist=Seleção musical
playlists=seleções musicais
Playlists=Seleções musicais
plissê=plissado
Plissê=Plissado
plissês=plissados
Plissês=Plissados
poker=póquer
Poker=Póquer
pokers=póqueres
Pokers=Póqueres
polaroid=polaroide
Polaroid=Polaroide
polaroids=polaroides
Polaroids=Polaroides
poliban=polibã
Poliban=Polibã
polibans=polibãs
Polibans=Polibãs
pool=consórcio
Pool=Consórcio
pools=consórcios
Pools=Consórcios
popcorn=pipoca
Popcorn=Pipoca
popcorns=pipocas
Popcorns=Pipocas
portfolio=portefólio
Portfolio=Portefólio
portfolios=portefólios
Portfolios=Portefólios
poster=cartaz
Poster=Cartaz
posters=cartazes
Posters=Cartazes
# pot-pourri=miscelânea
# pot-pourris=miscelâneas
pouf=pufe
Pouf=Pufe
poufs=pufes
Poufs=Pufes
poule=pule
Poule=Pule
poules=pules
Poules=Pules
pourboire=gorjeta
Pourboire=Gorjeta
pourboires=gorjetas
Pourboires=Gorjetas
ppi=ppp
Ppi=Ppp
#ppp=pontos por polegada
praliné=pralinê
Praliné=Pralinê
pralinés=pralinês
Pralinés=Pralinês
première=estreia
Première=Estreia
premières=estreias
Premières=Estreias
premium=de luxo
Premium=De luxo
prima-donna=prima-dona
Prima-donna=Prima-dona
prima-donnas=prima-donas
Prima-donnas=Prima-donas
print=impressão
Print=Impressão
prints=impressões
Prints=Impressões
prize-money=prémio monetário
Prize-money=Prémio monetário
prize-moneys=prémios monetários
Prize-moneys=Prémios monetários
publisher=divulgador
Publisher=Divulgador
publishers=divulgadores
Publishers=Divulgadores
# pull=pulôver
# pulls=pulôveres
pullover=camisola
Pullover=Camisola
pullovers=camisolas
Pullovers=Camisolas
punaise=pionés
Punaise=Pionés
punaises=pionés
Punaises=Pionés
punch=ponche
Punch=Ponche
punchs=ponches
Punchs=Ponches
putsch=golpe de Estado
Putsch=Golpe de Estado
putschs=golpes de Estado
Putschs=Golpes de Estado
pyrex=pirex
Pyrex=Pirex
pyrexs=pirexes
Pyrexs=Pirexes
raffiné=requintado
Raffiné=Requintado
raffinés=requintados
Raffinés=Requintados
ragoût=jardineira
Ragoût=Jardineira
ragoûts=jardineiras
Ragoûts=Jardineiras
raid=raide
Raid=Raide
raids=raides
Raids=Raides
rail=raile
Rail=Raile
rails=railes
Rails=Railes
rally=rali
Rally=Rali
rallies=ralis
Rallies=Ralis
ranking=classificação
Ranking=Classificação
rankings=classificações
Rankings=Classificações
rappel=rapel
Rappel=Rapel
rappels=rapeis
Rappels=Rapeis
rating=qualificação-tipo
Rating=Qualificação-tipo
ratings=qualificações-tipo
Ratings=Qualificações-tipo
ratio=rácio
Ratio=Rácio
ratios=rácios
Ratios=Rácios
ravioli=ravióis
Ravioli=Ravióis
raviolis=ravióis
Raviolis=Ravióis
record=recorde
Record=Recorde
records=recordes
Records=Recordes
recuerdo=recordação
Recuerdo=Recordação
recuerdos=recordações
Recuerdos=Recordações
reengineering=reengenharia
Reengineering=Reengenharia
reengineerings=reengenharias
Reengineerings=Reengenharias
relax=relaxamento
Relax=Relaxamento
relaxs=relaxamentos
Relaxs=Relaxamentos
remake=nova versão
Remake=Nova versão
remakes=novas versões
Remakes=Novas versões
remix=remistura
Remix=Remistura
remixes=remisturas
Remixes=Remisturas
rendez-vous=encontro
Rendez-vous=Encontro
rent-a-car=aluguer de automóveis
Rent-a-car=Aluguer de automóveis
rent-a-cars=alugueres de automóveis
Rent-a-cars=Alugueres de automóveis
rentrée=regresso
Rentrée=Regresso
rentrées=regressos
Rentrées=Regressos
replay=repetição
Replay=Repetição
replays=repetições
Replays=Repetições
reset=reinicialização|reinicializar|redefinir
resets=reinicializações|reinicializa|redefine
resort=estância
Resort=Estância
resorts=estâncias
Resorts=Estâncias
retail=a retalho|retalhista|comercial
Retail=A retalho|Retalhista|Comercial
revanche=desforra|vingança
Revanche=Desforra|Vingança
revanches=desforras|vinganças
Revanches=Desforras|Vinganças
réveillon=passagem de ano
Réveillon=Passagem de ano
réveillons=passagens de ano
Réveillons=Passagens de ano
rêverie=devaneio
Rêverie=Devaneio
rêveries=devaneios
Rêveries=Devaneios
rifle=espingarda
Rifle=Espingarda
rifles=espingardas
Rifles=Espingardas
rimmel=máscara
Rimmel=Máscara
rimmels=máscaras
Rimmels=Máscaras
ring=ringue
Ring=Ringue
rings=ringues
Rings=Ringues
ritornello=ritornelo
Ritornello=Ritornelo
ritornellos=ritornelos
Ritornellos=Ritornelos
roadshow=digressão
Roadshow=Digressão
roadshows=digressões
Roadshows=Digressões
roadster=descapotável desportivo
Roadster=Descapotável desportivo
roadsters=descapotáveis desportivos
Roadsters=Descapotáveis desportivos
robot=robô
Robot=Robô
robots=robôs
Robots=Robôs
rocket=roquete
Rocket=Roquete
rockets=roquetes
Rockets=Roquetes
rooftop=terraço
Rooftop=Terraço
rooftops=terraços
Rooftops=Terraços
rosé=rosê
Rosé=Rosê
rosés=rosês
Rosés=Rosês
rosé=rosê
Rosé=Rosê
rosés=rosês
Rosés=Rosês
rouge=ruge
Rouge=Ruge
rouges=ruges
Rouges=Ruges
roulement=rotação
Roulement=Rotação
roulements=rotações
Roulements=Rotações
roulotte=rulote
Roulotte=Rulote
roulottes=rulotes
Roulottes=Rulotes
round=ronda
Round=Ronda
rounds=rondas
Rounds=Rondas
router=encaminhador
Router=Encaminhador
routers=encaminhadores
Routers=Encaminhadores
rugby=râguebi
Rugby=Râguebi
rugbies=râguebis
Rugbies=Râguebis
sage=prudente
Sage=Prudente
sages=prudentes
Sages=Prudentes
sage=prudente
Sage=Prudente
sages=prudentes
Sages=Prudentes
saison=estação|temporada
Saison=Estação|Temporada
saisons=estações|temporadas
Saisons=Estações|Temporadas
sandwich=sandes
Sandwich=Sandes
sandwichs=sandes
Sandwichs=Sandes
sauté=salteado
Sauté=Salteado
sautés=salteados
Sautés=Salteados
savoir-faire=saber-fazer
Savoir-faire=Saber-fazer
savoir-faires=saber-fazer
Savoir-faires=Saber-fazer
savoir-vivre=saber-viver
Savoir-vivre=Saber-viver
savoir-vivres=saber-viver
Savoir-vivres=Saber-viver
scanner=digitalizador
Scanner=Digitalizador
scanners=digitalizadores
Scanners=Digitalizadores
scooter=lambreta
Scooter=Lambreta
scooters=lambretas
Scooters=Lambretas
score=resultado
Score=Resultado
scores=resultados
Scores=Resultados
scotch=uísque escocês
Scotch=Uísque escocês
scotchs=uísques escoceses
Scotchs=Uísques escoceses
screensaver=protetor de ecrã
Screensaver=Protetor de ecrã
screensavers=protetores de ecrã
Screensavers=Protetores de ecrã
script=guião
Script=Guião
scripts=guiões
Scripts=Guiões
sedan=sedã
Sedan=Sedã
sedans=sedãs
Sedans=Sedãs
self-government=governo representativo
Self-government=Governo representativo
self-governments=governos representativos
Self-governments=Governos representativos
self-induction=autoindução
Self-induction=Autoindução
self-inductions=autoinduções
Self-inductions=Autoinduções
self-service=autosserviço
Self-service=Autosserviço
self-services=autosserviços
Self-services=Autosserviços
self-service=autosserviço
Self-service=Autosserviço
self-services=autosserviços
Self-services=Autosserviços
serial-killer=assassino em série
Serial-killer=Assassino em série
serial-killers=assassinos em série
Serial-killers=Assassinos em série
server=servidor
Server=Servidor
servers=servidores
Servers=Servidores
seventies=anos setenta
Seventies=Anos setenta
shake-hand=aperto de mão
Shake-hand=Aperto de mão
shake-hands=apertos de mão
Shake-hands=Apertos de mão
shaker=misturador
Shaker=Misturador
shakers=misturadores
Shakers=Misturadores
shampoo=champô
Shampoo=Champô
shampoos=champôs
Shampoos=Champôs
shantung=xantungue
Shantung=Xantungue
# shantungs=xantungues
# Shantungs=Xantungues
share=quota de audiências
Share=Quota de audiências
shares=quotas de audiências
Shares=Quotas de audiências
sheik=xeque
Sheik=Xeque
sheiks=xeques
Sheiks=Xeques
sheriff=xerife
Sheriff=Xerife
sheriffs=xerifes
Sheriffs=Xerifes
shocking=chocante
Shocking=Chocante
shockings=chocantes
Shockings=Chocantes
shopping=centro comercial
Shopping=Centro comercial
shoppings=centros comerciais
Shoppings=Centros comerciais
short=curta-metragem
Short=Curta-metragem
shorts=calções|curta-metragens
Shorts=Calções|Curta-metragens
# show=divertimento
# shows=divertimentos
show-off=exibicionismo
Show-off=Exibicionismo
show-offs=exibicionismos
Show-offs=Exibicionismos
showbiz=atividades do espetáculo
Showbiz=Atividades do espetáculo
showbizs=atividades de espetáculo
Showbizs=Atividades de espetáculo
showman=apresentador
Showman=Apresentador
showmans=apresentadores
Showmans=Apresentadores
showroom=salão de exposições
Showroom=Salão de exposições
showrooms=salões de exposições
Showrooms=Salões de exposições
sikh=sique
Sikh=Sique
sikhs=siques
Sikhs=Siques
sinfonetta=sinfonieta
Sinfonetta=Sinfonieta
sinfonettas=sinfonietas
Sinfonettas=Sinfonietas
single=quarto individual
Single=Quarto individual
singles=quartos individuais
Singles=Quartos individuais
sit-in=protesto
Sit-in=Protesto
sit-ins=protestos
Sit-ins=Protestos
sitcom=série cómica
Sitcom=Série cómica
sitcoms=séries cómicas
Sitcoms=Séries cómicas
site=sítio web
Site=Sítio web
sites=sítios web
Sites=Sítios web
sixties=anos sessenta
Sixties=Anos sessenta
sketch=esboço
Sketch=Esboço
sketchs=esboços
Sketchs=Esboços
ski=esqui
Ski=Esqui
skis=esquis
Skis=Esquis
skiff=esquife
Skiff=Esquife
skiffs=esquifes
Skiffs=Esquifes
skin=cabeça rapada
Skin=Cabeça rapada
skins=cabeças rapadas
Skins=Cabeças rapadas
skinhead=cabeça rapada
Skinhead=Cabeça rapada
skinheads=cabeças rapadas
Skinheads=Cabeças rapadas
slang=calão
Slang=Calão
slangs=calões
Slangs=Calões
slide=diapositivo
Slide=Diapositivo
slides=diapositivos
Slides=Diapositivos
slow=lento
Slow=Lento
slows=lentos
Slows=Lentos
sniper=atirador furtivo
Sniper=Atirador furtivo
snipers=atiradores furtivos
Snipers=Atiradores furtivos
sniper=atirador furtivo
Sniper=Atirador furtivo
snipers=atiradores furtivos
Snipers=Atiradores furtivos
sobriquet=alcunha
Sobriquet=Alcunha
sobriquets=alcunhas
Sobriquets=Alcunhas
soccer=futebol
Soccer=Futebol
socquette=soquete
Socquette=Soquete
socquettes=soquetes
Socquettes=Soquetes
soft=brando
Soft=Brando
softs=brandos
Softs=Brandos
softball=softebol
Softball=Softebol
soi-disant=pretenso
Soi-disant=Pretenso
soi-disants=pretensos
Soi-disants=Pretensos
soirée=matiné
Soirée=Matiné
soirées=matinés
Soirées=Matinés
sombrero=sombreiro
Sombrero=Sombreiro
sombreros=sombreiros
Sombreros=Sombreiros
soufflé=suflé
Soufflé=Suflé
soufflés=suflés
Soufflés=Suflés
souplesse=flexibilidade
Souplesse=Flexibilidade
souplesses=flexibilidades
Souplesses=Flexibilidades
soutien=sutiã
Soutien=Sutiã
soutiens=sutiãs
Soutiens=Sutiãs
soutien-gorge=sutiã
Soutien-gorge=Sutiã
soutien-gorges=sutiãs
Soutien-gorges=Sutiãs
souvenir=lembrança|recordação
Souvenir=Lembrança|Recordação
souvenirs=lembranças|recordações
Souvenirs=Lembranças|Recordações
spaghetti=esparguete
Spaghetti=Esparguete
spaghettis=esparguetes
Spaghettis=Esparguetes
speaker=presidente de parlamento
Speaker=Presidente de parlamento
speakers=presidentes de parlamento
Speakers=Presidentes de parlamento
speed=estimulação
Speed=Estimulação
speeds=estimulações
Speeds=Estimulações
spleen=tédio
Spleen=Tédio
spleens=tédios
Spleens=Tédios
spoiler=estabilizador
Spoiler=Estabilizador
spoilers=estabilizadores
Spoilers=Estabilizadores
sponsor=patrocinador
Sponsor=Patrocinador
sponsors=patrocinadores
Sponsors=Patrocinadores
sport=desporto
Sport=Desporto
sports=desportos
Sports=Desportos
sporting=desportivo
Sporting=Desportivo
sportings=desportivos
Sportings=Desportivos
sportsman=desportista
Sportsman=Desportista
sportsmans=desportistas
Sportsmans=Desportistas
sportswear=roupa de desporto
Sportswear=Roupa de desporto
sportswears=roupas de desporto
Sportswears=Roupas de desporto
spray=vaporização
Spray=Vaporização
sprays=vaporizações
Sprays=Vaporizações
staff=equipa de trabalho
Staff=Equipa de trabalho
staffs=equipas de trabalho
Staffs=Equipas de trabalho
stall=estol
Stall=Estol
standard=padrão
Standard=Padrão
standards=padrões
Standards=Padrões
standard=padrão
Standard=Padrão
standards=padrões
Standards=Padrões
standby=posição de espera|espera
Standby=Posição de espera|Espera
standbys=posições de espera|esperas
Standbys=Posições de espera|Esperas
stand-by=posição de espera|espera
Stand-by=Posição de espera|Espera
stand-bys=posições de espera|esperas
Stand-bys=Posições de espera|Esperas
star=estrela
Star=Estrela
stars=estrelas
Stars=Estrelas
station=carrinha
Station=Carrinha
stations=carrinhas
Stations=Carrinhas
status=estatuto
Status=Estatuto
stencil=estêncil
Stencil=Estêncil
stencils=estênceis
Stencils=Estênceis
stereo=estereofónico
Stereo=Estereofónico
stereos=estereofónicos
Stereos=Estereofónicos
stereo=estereofónico
Stereo=Estereofónico
stereos=estereofónicos
Stereos=Estereofónicos
stock=estoque
Stock=Estoque
stocks=estoques
Stocks=Estoques
street=rua
Street=Rua
streets=ruas
Streets=Ruas
street food=comida de rua
Street food=Comida de rua
street foods=comidas de rua
Street foods=Comidas de rua
strogonoff=estrogonofe
Strogonoff=Estrogonofe
strogonoffs=estrogonofes
Strogonoffs=Estrogonofes
style=estilo
styles=estilos
suite=suíte
Suite=Suíte
suites=suítes
Suites=Suítes
surf=surfe
Surf=Surfe
surfs=surfes
Surfs=Surfes
surfer=surfista
Surfer=Surfista
surfers=surfistas
Surfers=Surfistas
surmenage=fadiga intelectual
Surmenage=Fadiga intelectual
surmenages=fadigas intelectuais
Surmenages=Fadigas intelectuais
tablette=tablete
Tablette=Tablete
tablettes=tabletes
Tablettes=Tabletes
tablier=tabliê
Tablier=Tabliê
tabliers=tabliês
Tabliers=Tabliês
tag=etiqueta
Tag=Etiqueta
tags=etiquetas
Tags=etiquetas
tailleur=conjunto saia-casaco
Tailleur=Conjunto saia-casaco
tailleurs=conjuntos saia-casaco
Tailleurs=Conjuntos saia-casaco
take-off=descolagem
Take-off=Descolagem
take-offs=descolagens
Take-offs=Descolagens
target=objetivo
Target=Objetivo
targets=objetivos
Targets=Objetivos
tarot=tarô
Tarot=Tarô
tarots=tarôs
Tarots=Tarôs
task force=equipa de intervenção
Task force=Equipa de intervenção
task forces=equipas de intervenção
Task forces=Equipas de intervenção
tattoo=tatuagem
Tattoo=Tatuagem
tattoos=tatuagens
Tattoos=Tatuagens
tax-free=isento de imposto
Tax-free=Isento de imposto
team=equipa
Team=Equipa
teams=equipas
Teams=Equipas
teenager=adolescente
Teenager=Adolescente
teenagers=adolescentes
Teenagers=Adolescentes
telefax=telefaxe
Telefax=Telefaxe
telefaxs=telefaxes
Telefaxs=Telefaxes
teleski=telesqui
Teleski=Telesqui
teleskis=telesquis
Teleskis=Telesquis
template=modelo
Template=Modelo
templates=modelos
Templates=Modelos
terrier=terriê
Terrier=Terriê
terriers=terriês
Terriers=Terriês
tête-à-tête=frente-a-frente
Tête-à-tête=Frente-a-frente
tête-à-têtes=frente-a-frentes
Tête-à-têtes=Frente-a-frentes
thesaurus=tesauro
Thesaurus=Tesauro
think-tank=círculo de reflexão
Think-tank=Círculo de reflexão
think-tanks=círculos de reflexão
Think-tanks=Círculos de reflexão
thirties=anos trinta
Thirties=Anos trinta
thriller=tríler
Thriller=Tríler
thrillers=tríleres
Thrillers=Tríleres
ticket=bilhete
Ticket=Bilhete
tickets=bilhetes
Tickets=Bilhetes
timer=temporizador
Timer=Temporizador
timers=temporizadores
Timers=Temporizadores
timing=calendarização|oportunidade
Timing=Calendarização|Oportunidade
timings=calendarização|oportunidades
Timings=Calendarização|Oportunidades
toast=toste
Toast=Toste
toasts=tostes
Toasts=Tostes
toboggan=tobogã
Toboggan=Tobogã
toboggans=tobogãs
Toboggans=Tobogãs
toilette=casa de banho
Toilette=Casa de banho
toilettes=casas de banho
Toilettes=Casas de banho
topless=toplesse
Topless=Toplesse
#toplesses=toplesses
tory=tóri
Tory=Tóri
tories=tóris
Tories=Tóris
tour=digressão
Tour=Digressão
tours=digressões
Tours=Digressões
tournée=sessão itinerante|digressão
Tournée=Sessão itinerante|Digressão
tournées=sessões itinerante|digressões
Tournées=Sessões itinerante|Digressões
trademark=marca registada
Trademark=Marca registada
training=fato de treino
Training=Fato de treino
trainings=fatos de treino
Trainings=Fatos de treino
tranche=fatia
Tranche=Fatia
tranches=fatias
Tranches=Fatias
tricot=tricô
Tricot=Tricô
tricots=tricôs
Tricots=Tricôs
trip=viagem
Trip=Viagem
trips=viagens
Trips=Viagens
troika=troica
Troika=Troica
troikas=troicas
Troikas=Troicas
trolleybus=troleicarro
Trolleybus=Troleicarro
trolleybuses=troleicarros
Trolleybuses=Troleicarros
trottinette=trotinete
Trottinette=Trotinete
trottinettes=trotinetes
Trottinettes=Trotinetes
trottoir=passeio
Trottoir=Passeio
trottoirs=passeios
Trottoirs=Passeios
troupe=trupe
Troupe=Trupe
troupes=trupes
Troupes=Trupes
trousse=trusse
Trousse=Trusse
trousses=trusses
Trousses=Trusses
trust=associação financeira
Trust=Associação financeira
trusts=associações financeiras
Trusts=Associações financeiras
turnover=taxa de rotação
Turnover=Taxa de rotação
turnovers=taxas de rotação
Turnovers=Taxas de rotação
tweed=tecido escocês
Tweed=Tecido escocês
tweeds=tecidos escoceses
Tweeds=Tecidos escoceses
twenties=anos vinte
Twenties=Anos vinte
tzar=czar
Tzar=Czar
tzars=czares
Tzars=Czares
ultra high definition=ultra alta definição
Ultra high definition=Ultra alta definição
Ultra High Definition=Ultra Alta Definição
umlaut=metafonia
Umlaut=Metafonia
umlauts=metafonias
Umlauts=Metafonias
underwear=roupa interior
Underwear=Roupa interior
underwears=roupas interiores
Underwears=Roupas interiores
unisex=unissexo
Unisex=Unissexo
unisexs=unissexos
Unisexs=Unissexos
up-to-date=atualizado
Up-to-date=Atualizado
up-to-dates=atualizados
Up-to-dates=Atualizados
upgrade=promoção
Upgrade=Promoção
upgrades=promoções
Upgrades=Promoções
valise=mala de mão
Valise=Mala de mão
valises=malas de mão
Valises=Malas de mão
vamp=vampe
Vamp=Vampe
vamps=vampes
Vamps=Vampes
# van=carrinha
vans=carrinhas
Vans=Carrinhas
vendetta=vingança
Vendetta=Vingança
vendettas=vinganças
Vendettas=Vinganças
very-light=foguete
Very-light=Foguete
very-lights=foguetes
Very-lights=Foguetes
versus=contra|em relação ao
Versus=Contra
videoclip=teledisco
Videoclip=Teledisco
videoclips=telediscos
Videoclips=Telediscos
videogame=jogo de vídeo
Videogame=Jogo de vídeo
videogames=jogos de vídeo
Videogames=Jogos de vídeo
videotape=videogravador
Videotape=Videogravador
videotapes=videogravadores
Videotapes=Videogravadores
videowall=ecrã gigante
Videowall=Ecrã gigante
videowalls=ecrãs gigantes
Videowalls=Ecrãs gigantes
viking=viquingue
Viking=Viquingue
vikings=viquingues
Vikings=Viquingues
vinaigrette=vinagreta
Vinaigrette=Vinagreta
vinaigrettes=vinagretas
Vinaigrettes=Vinagretas
vis-à-vis=frente-a-frente
Vis-à-vis=Frente-a-frente
vis-à-vises=frente-a-frentes
Vis-à-vises=Frente-a-frentes
vison=visom
Vison=Visom
vodka=vodca
Vodka=Vodca
vodkas=vodcas
Vodkas=Vodcas
voice-mail=caixa postal de voz
Voice-mail=Caixa postal de voz
voice-mails=caixas postais de voz
Voice-mails=Caixas postais de voz
voile=manto
Voile=Manto
voiles=mantos
Voiles=Mantos
volley=vólei
Volley=Vólei
volleys=vóleis
Volleys=Vóleis
voucher=vale
Voucher=Vale
vouchers=vales
Vouchers=Vales
walkman=leitor de cassetes portátil
Walkman=Leitor de cassetes portátil
walkmans=leitores de cassetes portáteis
Walkmans=Leitores de cassetes portáteis
water-closet=casa de banho
Water-closet=Casa de banho
water-closets=casas de banho
Water-closets=Casas de banho
water-polo=polo aquático
Water-polo=Polo aquático
watergate=escândalo de natureza política
Watergate=Escândalo de natureza política
watergates=escândalos de natureza política
Watergates=Escândalos de natureza política
waterproof=à prova de água
Waterproof=À prova de água
waterproof=à prova de água
Waterproof=À prova de água
weekend=fim de semana
Weekend=Fim de semana
weekends=fins de semana
Weekends=Fins de semana
whiskey=uísque
Whiskey=Uísque
whiskeys=uísques
Whiskeys=Uísques
whisky=uísque
Whisky=Uísque
whiskies=uísques
Whiskies=Uísques
windsurf=prancha à vela
Windsurf=Prancha à vela
windsurfs=pranchas à vela
Windsurfs=Pranchas à vela
winner=vencedor
Winner=Vencedor
winners=vencedores
Winners=Vencedores
workaholic=viciado no trabalho
Workaholic=Viciado no trabalho
workaholics=viciados no trabalho
Workaholics=Viciados no trabalho
workaholic=viciado no trabalho
Workaholic=Viciado no trabalho
workaholics=viciados no trabalho
Workaholics=Viciados no trabalho
workshop=oficina de trabalho
Workshop=Oficina de trabalho
workshops=oficinas de trabalho
Workshops=Oficinas de trabalho
workstation=estação de trabalho
Workstation=Estação de trabalho
workstations=estações de trabalho
Workstations=Estações de trabalho
yacht=iate
Yacht=Iate
yachts=iates
Yachts=Iates
yankee=ianque
Yankee=Ianque
yankees=ianques
Yankees=Ianques
yard=jarda
Yard=Jarda
yards=jardas
Yards=Jardas
yé-yé=ié-ié
Yé-yé=Ié-ié
yé-yés=ié-iés
Yé-yés=Ié-iés
yen=iene
Yen=Iene
yens=ienes
Yens=Ienes
yiddish=ídiche
Yiddish=Ídiche
yiddishs=ídiches
Yiddishs=Ídiches
yield=rendimento
Yield=Rendimento
yields=rendimentos
Yields=Rendimentos
yod=iode
Yod=Iode
yods=iodes
Yods=Iodes
yoga=ioga
Yoga=Ioga
yogas=iogas
Yogas=Iogas
zip=fecho de correr
Zip=Fecho de correr
zips=fechos de correr
Zips=Fechos de correr
zloty=zlóti
Zloty=Zlóti
zloties=zlótis
Zloties=Zlótis
zombie=morto-vivo
Zombie=Morto-vivo
zombies=mortos-vivos
Zombies=Mortos-vivos
zomby=morto-vivo
Zomby=Morto-vivo
zoom=ampliação
Zoom=Ampliação
zooms=ampliações
Zooms=Ampliações
#
# Expressões latinas
# Traduzido do AtD
#
a fortiori=com razão ainda mais forte
A fortiori=Com razão ainda mais forte
a posteriori=depois
A posteriori=Depois
a priori=antes
A priori=Antes
ab initio=do começo
Ab initio=Do começo
ad hoc=improvisado
Ad hoc=Improvisado
ad infinitum=até ao infinito
Ad infinitum=Até ao infinito
ad lib=à vontade
Ad lib=À vontade
bona fide=em boa fé
Bona fide=Em boa fé
de jure=da lei
De jure=Da lei
ex officio=fora do dever|fora do escritório
Ex officio=Fora do dever|Fora do escritório
ex post facto=após o facto|retrospectivamente
Ex post facto=Após o facto|Retrospectivamente
hors d'oeuvre=aperitivos
Hors d'oeuvre=Aperitivos
hors d'oeuvres=aperitivos
Hors d'oeuvres=Aperitivos
hors de combat=fora de serviço|fora da batalha
Hors de combat=Fora de serviço|Fora da batalha
in situ=no seu lugar original
In situ=No seu lugar original
in toto=na sua totalidade
In toto=Na sua totalidade
infra=abaixo
Infra=Abaixo
inter alia=entre outras coisas
Inter alia=Entre outras coisas
ipso facto=pelo próprio facto
Ipso facto=Pelo próprio facto
locus classicus=fonte padrão|fonte autoritativa
Locus classicus=Fonte padrão|Fonte autoritativa
non sequitur=não seguidor
Non sequitur=Não seguidor
passim=aqui e ali|por toda parte|em vários lugares
Passim=Aqui e ali|Por toda parte|Em vários lugares
per capita=por cabeça
Per capita=Por cabeça
prima facie=à primeira vista|em face disso
Prima facie=À primeira vista|Em face disso
pro bono=para o bem público|sem nenhum custo
Pro bono=Para o bem público|Sem nenhum custo
pro rata=na proporção
Pro rata=Na proporção
quid pro quo=algo em troca
Quid pro quo=Algo em troca
raison d'etre=razão para|finalidade
Raison d'etre=Razão para|Finalidade
scilicet=isto é|ou seja
Scilicet=Isto é|Ou seja
scire licet=isto é|ou seja
Scire licet=Isto é|Ou seja
sic=assim usado|assim escrito
Sic=Assim usado|Assim escrito
sine die=sem dia|sem horário fixo
Sine die=Sem dia|Sem horário fixo
sine qua non=sem o qual não|pré-condição essencial
Sine qua non=Sem o qual não|Pré-condição essencial
status quo=coisas como são
Status quo=Coisas como são
stet=como era originalmente
Stet=Como era originalmente
supra=acima
Supra=Acima
vide=ver
Vide=Ver
vide supre=ver acima
